Program,Year,Period,Week Ending,Geo Level,State,State ANSI,Ag District,Ag District Code,County,County ANSI,Zip Code,Region,watershed_code,Watershed,Commodity,Data Item,Domain,Domain Category,Value,CV (%)
SURVEY,2018,MARKETING YEAR,,NATIONAL,US TOTAL,,,,,,,,0,,MUSHROOMS,"MUSHROOMS - PRICE RECEIVED, MEASURED IN $ / LB",TOTAL,NOT SPECIFIED,1.34,
SURVEY,2018,MARKETING YEAR,,NATIONAL,US TOTAL,,,,,,,,0,,MUSHROOMS,"MUSHROOMS, AGARICUS - PRICE RECEIVED, MEASURED IN $ / LB",TOTAL,NOT SPECIFIED,1.27,
SURVEY,2018,MARKETING YEAR,,NATIONAL,US TOTAL,,,,,,,,0,,MUSHROOMS,"MUSHROOMS, AGARICUS, FRESH MARKET - PRICE RECEIVED, MEASURED IN $ / LB",TOTAL,NOT SPECIFIED,1.32,
SURVEY,2018,MARKETING YEAR,,NATIONAL,US TOTAL,,,,,,,,0,,MUSHROOMS,"MUSHROOMS, AGARICUS, PROCESSING - PRICE RECEIVED, MEASURED IN $ / LB",TOTAL,NOT SPECIFIED,0.736,
SURVEY,2018,MARKETING YEAR,,NATIONAL,US TOTAL,,,,,,,,0,,MUSHROOMS,"MUSHROOMS, SPECIALTY - PRICE RECEIVED, MEASURED IN $ / LB",TOTAL,NOT SPECIFIED,4.06,
SURVEY,2018,MARKETING YEAR,,NATIONAL,US TOTAL,,,,,,,,0,,MUSHROOMS,"MUSHROOMS, SPECIALTY, OTHER - PRICE RECEIVED, MEASURED IN $ / LB",TOTAL,NOT SPECIFIED,5.33,
SURVEY,2018,MARKETING YEAR,,NATIONAL,US TOTAL,,,,,,,,0,,MUSHROOMS,"MUSHROOMS, SPECIALTY, OYSTER - PRICE RECEIVED, MEASURED IN $ / LB",TOTAL,NOT SPECIFIED,3.13,
SURVEY,2018,MARKETING YEAR,,NATIONAL,US TOTAL,,,,,,,,0,,MUSHROOMS,"MUSHROOMS, SPECIALTY, SHIITAKE - PRICE RECEIVED, MEASURED IN $ / LB",TOTAL,NOT SPECIFIED,4.44,
SURVEY,2018,MARKETING YEAR,,REGION : MULTI-STATE,,,,,,,,CENTRAL STATES,0,,MUSHROOMS,"MUSHROOMS, AGARICUS - PRICE RECEIVED, MEASURED IN $ / LB",TOTAL,NOT SPECIFIED,1.83,
SURVEY,2018,MARKETING YEAR,,REGION : MULTI-STATE,,,,,,,,CENTRAL STATES,0,,MUSHROOMS,"MUSHROOMS, AGARICUS, FRESH MARKET - PRICE RECEIVED, MEASURED IN $ / LB",TOTAL,NOT SPECIFIED,1.92,
SURVEY,2018,MARKETING YEAR,,REGION : MULTI-STATE,,,,,,,,CENTRAL STATES,0,,MUSHROOMS,"MUSHROOMS, AGARICUS, PROCESSING - PRICE RECEIVED, MEASURED IN $ / LB",TOTAL,NOT SPECIFIED,1.14,
SURVEY,2018,MARKETING YEAR,,REGION : MULTI-STATE,,,,,,,,EASTERN STATES,0,,MUSHROOMS,"MUSHROOMS, AGARICUS - PRICE RECEIVED, MEASURED IN $ / LB",TOTAL,NOT SPECIFIED,1.05,
SURVEY,2018,MARKETING YEAR,,REGION : MULTI-STATE,,,,,,,,EASTERN STATES,0,,MUSHROOMS,"MUSHROOMS, AGARICUS, FRESH MARKET - PRICE RECEIVED, MEASURED IN $ / LB",TOTAL,NOT SPECIFIED,1.1,
SURVEY,2018,MARKETING YEAR,,REGION : MULTI-STATE,,,,,,,,EASTERN STATES,0,,MUSHROOMS,"MUSHROOMS, AGARICUS, PROCESSING - PRICE RECEIVED, MEASURED IN $ / LB",TOTAL,NOT SPECIFIED,0.669,
SURVEY,2018,MARKETING YEAR,,REGION : MULTI-STATE,,,,,,,,"EASTERN STATES, OTHER",0,,MUSHROOMS,"MUSHROOMS, AGARICUS, FRESH MARKET - PRICE RECEIVED, MEASURED IN $ / LB",TOTAL,NOT SPECIFIED,1.39,
SURVEY,2018,MARKETING YEAR,,REGION : MULTI-STATE,,,,,,,,"EASTERN STATES, OTHER",0,,MUSHROOMS,"MUSHROOMS, AGARICUS, PROCESSING - PRICE RECEIVED, MEASURED IN $ / LB",TOTAL,NOT SPECIFIED,0.655,
SURVEY,2018,MARKETING YEAR,,REGION : MULTI-STATE,,,,,,,,WESTERN STATES,0,,MUSHROOMS,"MUSHROOMS, AGARICUS - PRICE RECEIVED, MEASURED IN $ / LB",TOTAL,NOT SPECIFIED,1.98,
SURVEY,2018,MARKETING YEAR,,REGION : MULTI-STATE,,,,,,,,WESTERN STATES,0,,MUSHROOMS,"MUSHROOMS, AGARICUS, FRESH MARKET - PRICE RECEIVED, MEASURED IN $ / LB",TOTAL,NOT SPECIFIED,1.99,
SURVEY,2018,MARKETING YEAR,,REGION : MULTI-STATE,,,,,,,,WESTERN STATES,0,,MUSHROOMS,"MUSHROOMS, AGARICUS, PROCESSING - PRICE RECEIVED, MEASURED IN $ / LB",TOTAL,NOT SPECIFIED,0.882,
SURVEY,2018,MARKETING YEAR,,REGION : MULTI-STATE,,,,,,,,"WESTERN STATES, OTHER",0,,MUSHROOMS,"MUSHROOMS, AGARICUS - PRICE RECEIVED, MEASURED IN $ / LB",TOTAL,NOT SPECIFIED,1.74,
SURVEY,2018,MARKETING YEAR,,REGION : MULTI-STATE,,,,,,,,"WESTERN STATES, OTHER",0,,MUSHROOMS,"MUSHROOMS, AGARICUS, FRESH MARKET - PRICE RECEIVED, MEASURED IN $ / LB",TOTAL,NOT SPECIFIED,1.99,
SURVEY,2018,MARKETING YEAR,,REGION : MULTI-STATE,,,,,,,,"WESTERN STATES, OTHER",0,,MUSHROOMS,"MUSHROOMS, AGARICUS, PROCESSING - PRICE RECEIVED, MEASURED IN $ / LB",TOTAL,NOT SPECIFIED,0.882,
SURVEY,2018,MARKETING YEAR,,STATE,CALIFORNIA,6,,,,,,,0,,MUSHROOMS,"MUSHROOMS, AGARICUS - PRICE RECEIVED, MEASURED IN $ / LB",TOTAL,NOT SPECIFIED,2.05,
SURVEY,2018,MARKETING YEAR,,STATE,OTHER STATES,,,,,,,,0,,MUSHROOMS,"MUSHROOMS, AGARICUS - PRICE RECEIVED, MEASURED IN $ / LB",TOTAL,NOT SPECIFIED,1.61,
SURVEY,2018,MARKETING YEAR,,STATE,PENNSYLVANIA,42,,,,,,,0,,MUSHROOMS,"MUSHROOMS, AGARICUS - PRICE RECEIVED, MEASURED IN $ / LB",TOTAL,NOT SPECIFIED,1,
SURVEY,2018,MARKETING YEAR,,STATE,PENNSYLVANIA,42,,,,,,,0,,MUSHROOMS,"MUSHROOMS, AGARICUS, FRESH MARKET - PRICE RECEIVED, MEASURED IN $ / LB",TOTAL,NOT SPECIFIED,1.04,
SURVEY,2018,MARKETING YEAR,,STATE,PENNSYLVANIA,42,,,,,,,0,,MUSHROOMS,"MUSHROOMS, AGARICUS, PROCESSING - PRICE RECEIVED, MEASURED IN $ / LB",TOTAL,NOT SPECIFIED,0.67,
SURVEY,2017,MARKETING YEAR,,NATIONAL,US TOTAL,,,,,,,,0,,MUSHROOMS,"MUSHROOMS - PRICE RECEIVED, MEASURED IN $ / LB",TOTAL,NOT SPECIFIED,1.31,
SURVEY,2017,MARKETING YEAR,,NATIONAL,US TOTAL,,,,,,,,0,,MUSHROOMS,"MUSHROOMS, AGARICUS - PRICE RECEIVED, MEASURED IN $ / LB",TOTAL,NOT SPECIFIED,1.24,
SURVEY,2017,MARKETING YEAR,,NATIONAL,US TOTAL,,,,,,,,0,,MUSHROOMS,"MUSHROOMS, AGARICUS, FRESH MARKET - PRICE RECEIVED, MEASURED IN $ / LB",TOTAL,NOT SPECIFIED,1.31,
SURVEY,2017,MARKETING YEAR,,NATIONAL,US TOTAL,,,,,,,,0,,MUSHROOMS,"MUSHROOMS, AGARICUS, PROCESSING - PRICE RECEIVED, MEASURED IN $ / LB",TOTAL,NOT SPECIFIED,0.659,
SURVEY,2017,MARKETING YEAR,,NATIONAL,US TOTAL,,,,,,,,0,,MUSHROOMS,"MUSHROOMS, SPECIALTY - PRICE RECEIVED, MEASURED IN $ / LB",TOTAL,NOT SPECIFIED,3.86,
SURVEY,2017,MARKETING YEAR,,NATIONAL,US TOTAL,,,,,,,,0,,MUSHROOMS,"MUSHROOMS, SPECIALTY, OTHER - PRICE RECEIVED, MEASURED IN $ / LB",TOTAL,NOT SPECIFIED,5.43,
SURVEY,2017,MARKETING YEAR,,NATIONAL,US TOTAL,,,,,,,,0,,MUSHROOMS,"MUSHROOMS, SPECIALTY, OYSTER - PRICE RECEIVED, MEASURED IN $ / LB",TOTAL,NOT SPECIFIED,3.12,
SURVEY,2017,MARKETING YEAR,,NATIONAL,US TOTAL,,,,,,,,0,,MUSHROOMS,"MUSHROOMS, SPECIALTY, SHIITAKE - PRICE RECEIVED, MEASURED IN $ / LB",TOTAL,NOT SPECIFIED,3.91,
SURVEY,2017,MARKETING YEAR,,REGION : MULTI-STATE,,,,,,,,CENTRAL STATES,0,,MUSHROOMS,"MUSHROOMS, AGARICUS - PRICE RECEIVED, MEASURED IN $ / LB",TOTAL,NOT SPECIFIED,1.74,
SURVEY,2017,MARKETING YEAR,,REGION : MULTI-STATE,,,,,,,,CENTRAL STATES,0,,MUSHROOMS,"MUSHROOMS, AGARICUS, FRESH MARKET - PRICE RECEIVED, MEASURED IN $ / LB",TOTAL,NOT SPECIFIED,1.93,
SURVEY,2017,MARKETING YEAR,,REGION : MULTI-STATE,,,,,,,,CENTRAL STATES,0,,MUSHROOMS,"MUSHROOMS, AGARICUS, PROCESSING - PRICE RECEIVED, MEASURED IN $ / LB",TOTAL,NOT SPECIFIED,0.834,
SURVEY,2017,MARKETING YEAR,,REGION : MULTI-STATE,,,,,,,,EASTERN STATES,0,,MUSHROOMS,"MUSHROOMS, AGARICUS - PRICE RECEIVED, MEASURED IN $ / LB",TOTAL,NOT SPECIFIED,1.03,
SURVEY,2017,MARKETING YEAR,,REGION : MULTI-STATE,,,,,,,,EASTERN STATES,0,,MUSHROOMS,"MUSHROOMS, AGARICUS, FRESH MARKET - PRICE RECEIVED, MEASURED IN $ / LB",TOTAL,NOT SPECIFIED,1.08,
SURVEY,2017,MARKETING YEAR,,REGION : MULTI-STATE,,,,,,,,EASTERN STATES,0,,MUSHROOMS,"MUSHROOMS, AGARICUS, PROCESSING - PRICE RECEIVED, MEASURED IN $ / LB",TOTAL,NOT SPECIFIED,0.622,
SURVEY,2017,MARKETING YEAR,,REGION : MULTI-STATE,,,,,,,,"EASTERN STATES, OTHER",0,,MUSHROOMS,"MUSHROOMS, AGARICUS, FRESH MARKET - PRICE RECEIVED, MEASURED IN $ / LB",TOTAL,NOT SPECIFIED,1.44,
SURVEY,2017,MARKETING YEAR,,REGION : MULTI-STATE,,,,,,,,"EASTERN STATES, OTHER",0,,MUSHROOMS,"MUSHROOMS, AGARICUS, PROCESSING - PRICE RECEIVED, MEASURED IN $ / LB",TOTAL,NOT SPECIFIED,0.8,
SURVEY,2017,MARKETING YEAR,,REGION : MULTI-STATE,,,,,,,,WESTERN STATES,0,,MUSHROOMS,"MUSHROOMS, AGARICUS - PRICE RECEIVED, MEASURED IN $ / LB",TOTAL,NOT SPECIFIED,1.95,
SURVEY,2017,MARKETING YEAR,,REGION : MULTI-STATE,,,,,,,,WESTERN STATES,0,,MUSHROOMS,"MUSHROOMS, AGARICUS, FRESH MARKET - PRICE RECEIVED, MEASURED IN $ / LB",TOTAL,NOT SPECIFIED,1.96,
SURVEY,2017,MARKETING YEAR,,REGION : MULTI-STATE,,,,,,,,WESTERN STATES,0,,MUSHROOMS,"MUSHROOMS, AGARICUS, PROCESSING - PRICE RECEIVED, MEASURED IN $ / LB",TOTAL,NOT SPECIFIED,0.721,
SURVEY,2017,MARKETING YEAR,,REGION : MULTI-STATE,,,,,,,,"WESTERN STATES, OTHER",0,,MUSHROOMS,"MUSHROOMS, AGARICUS - PRICE RECEIVED, MEASURED IN $ / LB",TOTAL,NOT SPECIFIED,1.84,
SURVEY,2017,MARKETING YEAR,,REGION : MULTI-STATE,,,,,,,,"WESTERN STATES, OTHER",0,,MUSHROOMS,"MUSHROOMS, AGARICUS, FRESH MARKET - PRICE RECEIVED, MEASURED IN $ / LB",TOTAL,NOT SPECIFIED,1.96,
SURVEY,2017,MARKETING YEAR,,REGION : MULTI-STATE,,,,,,,,"WESTERN STATES, OTHER",0,,MUSHROOMS,"MUSHROOMS, AGARICUS, PROCESSING - PRICE RECEIVED, MEASURED IN $ / LB",TOTAL,NOT SPECIFIED,0.721,
SURVEY,2017,MARKETING YEAR,,STATE,CALIFORNIA,6,,,,,,,0,,MUSHROOMS,"MUSHROOMS, AGARICUS - PRICE RECEIVED, MEASURED IN $ / LB",TOTAL,NOT SPECIFIED,1.98,
SURVEY,2017,MARKETING YEAR,,STATE,OTHER STATES,,,,,,,,0,,MUSHROOMS,"MUSHROOMS, AGARICUS - PRICE RECEIVED, MEASURED IN $ / LB",TOTAL,NOT SPECIFIED,1.6,
SURVEY,2017,MARKETING YEAR,,STATE,PENNSYLVANIA,42,,,,,,,0,,MUSHROOMS,"MUSHROOMS, AGARICUS - PRICE RECEIVED, MEASURED IN $ / LB",TOTAL,NOT SPECIFIED,0.96,
SURVEY,2017,MARKETING YEAR,,STATE,PENNSYLVANIA,42,,,,,,,0,,MUSHROOMS,"MUSHROOMS, AGARICUS, FRESH MARKET - PRICE RECEIVED, MEASURED IN $ / LB",TOTAL,NOT SPECIFIED,1.01,
SURVEY,2017,MARKETING YEAR,,STATE,PENNSYLVANIA,42,,,,,,,0,,MUSHROOMS,"MUSHROOMS, AGARICUS, PROCESSING - PRICE RECEIVED, MEASURED IN $ / LB",TOTAL,NOT SPECIFIED,0.6,
SURVEY,2016,MARKETING YEAR,,NATIONAL,US TOTAL,,,,,,,,0,,MUSHROOMS,"MUSHROOMS - PRICE RECEIVED, MEASURED IN $ / LB",TOTAL,NOT SPECIFIED,1.26,
SURVEY,2016,MARKETING YEAR,,NATIONAL,US TOTAL,,,,,,,,0,,MUSHROOMS,"MUSHROOMS, AGARICUS - PRICE RECEIVED, MEASURED IN $ / LB",TOTAL,NOT SPECIFIED,1.2,
SURVEY,2016,MARKETING YEAR,,NATIONAL,US TOTAL,,,,,,,,0,,MUSHROOMS,"MUSHROOMS, AGARICUS, FRESH MARKET - PRICE RECEIVED, MEASURED IN $ / LB",TOTAL,NOT SPECIFIED,1.26,
SURVEY,2016,MARKETING YEAR,,NATIONAL,US TOTAL,,,,,,,,0,,MUSHROOMS,"MUSHROOMS, AGARICUS, PROCESSING - PRICE RECEIVED, MEASURED IN $ / LB",TOTAL,NOT SPECIFIED,0.671,
SURVEY,2016,MARKETING YEAR,,NATIONAL,US TOTAL,,,,,,,,0,,MUSHROOMS,"MUSHROOMS, SPECIALTY - PRICE RECEIVED, MEASURED IN $ / LB",TOTAL,NOT SPECIFIED,3.79,
SURVEY,2016,MARKETING YEAR,,NATIONAL,US TOTAL,,,,,,,,0,,MUSHROOMS,"MUSHROOMS, SPECIALTY, OTHER - PRICE RECEIVED, MEASURED IN $ / LB",TOTAL,NOT SPECIFIED,5.51,
SURVEY,2016,MARKETING YEAR,,NATIONAL,US TOTAL,,,,,,,,0,,MUSHROOMS,"MUSHROOMS, SPECIALTY, OYSTER - PRICE RECEIVED, MEASURED IN $ / LB",TOTAL,NOT SPECIFIED,3.6,
SURVEY,2016,MARKETING YEAR,,NATIONAL,US TOTAL,,,,,,,,0,,MUSHROOMS,"MUSHROOMS, SPECIALTY, SHIITAKE - PRICE RECEIVED, MEASURED IN $ / LB",TOTAL,NOT SPECIFIED,3.26,
SURVEY,2016,MARKETING YEAR,,REGION : MULTI-STATE,,,,,,,,CENTRAL STATES,0,,MUSHROOMS,"MUSHROOMS, AGARICUS - PRICE RECEIVED, MEASURED IN $ / LB",TOTAL,NOT SPECIFIED,1.64,
SURVEY,2016,MARKETING YEAR,,REGION : MULTI-STATE,,,,,,,,CENTRAL STATES,0,,MUSHROOMS,"MUSHROOMS, AGARICUS, FRESH MARKET - PRICE RECEIVED, MEASURED IN $ / LB",TOTAL,NOT SPECIFIED,1.83,
SURVEY,2016,MARKETING YEAR,,REGION : MULTI-STATE,,,,,,,,CENTRAL STATES,0,,MUSHROOMS,"MUSHROOMS, AGARICUS, PROCESSING - PRICE RECEIVED, MEASURED IN $ / LB",TOTAL,NOT SPECIFIED,0.704,
SURVEY,2016,MARKETING YEAR,,REGION : MULTI-STATE,,,,,,,,EASTERN STATES,0,,MUSHROOMS,"MUSHROOMS, AGARICUS - PRICE RECEIVED, MEASURED IN $ / LB",TOTAL,NOT SPECIFIED,1.01,
SURVEY,2016,MARKETING YEAR,,REGION : MULTI-STATE,,,,,,,,EASTERN STATES,0,,MUSHROOMS,"MUSHROOMS, AGARICUS, FRESH MARKET - PRICE RECEIVED, MEASURED IN $ / LB",TOTAL,NOT SPECIFIED,1.05,
SURVEY,2016,MARKETING YEAR,,REGION : MULTI-STATE,,,,,,,,EASTERN STATES,0,,MUSHROOMS,"MUSHROOMS, AGARICUS, PROCESSING - PRICE RECEIVED, MEASURED IN $ / LB",TOTAL,NOT SPECIFIED,0.664,
SURVEY,2016,MARKETING YEAR,,REGION : MULTI-STATE,,,,,,,,"EASTERN STATES, OTHER",0,,MUSHROOMS,"MUSHROOMS, AGARICUS, FRESH MARKET - PRICE RECEIVED, MEASURED IN $ / LB",TOTAL,NOT SPECIFIED,1.33,
SURVEY,2016,MARKETING YEAR,,REGION : MULTI-STATE,,,,,,,,"EASTERN STATES, OTHER",0,,MUSHROOMS,"MUSHROOMS, AGARICUS, PROCESSING - PRICE RECEIVED, MEASURED IN $ / LB",TOTAL,NOT SPECIFIED,0.835,
SURVEY,2016,MARKETING YEAR,,REGION : MULTI-STATE,,,,,,,,WESTERN STATES,0,,MUSHROOMS,"MUSHROOMS, AGARICUS - PRICE RECEIVED, MEASURED IN $ / LB",TOTAL,NOT SPECIFIED,1.8,
SURVEY,2016,MARKETING YEAR,,REGION : MULTI-STATE,,,,,,,,WESTERN STATES,0,,MUSHROOMS,"MUSHROOMS, AGARICUS, FRESH MARKET - PRICE RECEIVED, MEASURED IN $ / LB",TOTAL,NOT SPECIFIED,1.81,
SURVEY,2016,MARKETING YEAR,,REGION : MULTI-STATE,,,,,,,,WESTERN STATES,0,,MUSHROOMS,"MUSHROOMS, AGARICUS, PROCESSING - PRICE RECEIVED, MEASURED IN $ / LB",TOTAL,NOT SPECIFIED,0.635,
SURVEY,2016,MARKETING YEAR,,REGION : MULTI-STATE,,,,,,,,"WESTERN STATES, OTHER",0,,MUSHROOMS,"MUSHROOMS, AGARICUS - PRICE RECEIVED, MEASURED IN $ / LB",TOTAL,NOT SPECIFIED,1.6,
SURVEY,2016,MARKETING YEAR,,REGION : MULTI-STATE,,,,,,,,"WESTERN STATES, OTHER",0,,MUSHROOMS,"MUSHROOMS, AGARICUS, FRESH MARKET - PRICE RECEIVED, MEASURED IN $ / LB",TOTAL,NOT SPECIFIED,1.81,
SURVEY,2016,MARKETING YEAR,,REGION : MULTI-STATE,,,,,,,,"WESTERN STATES, OTHER",0,,MUSHROOMS,"MUSHROOMS, AGARICUS, PROCESSING - PRICE RECEIVED, MEASURED IN $ / LB",TOTAL,NOT SPECIFIED,0.635,
SURVEY,2016,MARKETING YEAR,,STATE,CALIFORNIA,6,,,,,,,0,,MUSHROOMS,"MUSHROOMS, AGARICUS - PRICE RECEIVED, MEASURED IN $ / LB",TOTAL,NOT SPECIFIED,1.86,
SURVEY,2016,MARKETING YEAR,,STATE,OTHER STATES,,,,,,,,0,,MUSHROOMS,"MUSHROOMS, AGARICUS - PRICE RECEIVED, MEASURED IN $ / LB",TOTAL,NOT SPECIFIED,1.47,
SURVEY,2016,MARKETING YEAR,,STATE,PENNSYLVANIA,42,,,,,,,0,,MUSHROOMS,"MUSHROOMS, AGARICUS - PRICE RECEIVED, MEASURED IN $ / LB",TOTAL,NOT SPECIFIED,0.969,
SURVEY,2016,MARKETING YEAR,,STATE,PENNSYLVANIA,42,,,,,,,0,,MUSHROOMS,"MUSHROOMS, AGARICUS, FRESH MARKET - PRICE RECEIVED, MEASURED IN $ / LB",TOTAL,NOT SPECIFIED,1.01,
SURVEY,2016,MARKETING YEAR,,STATE,PENNSYLVANIA,42,,,,,,,0,,MUSHROOMS,"MUSHROOMS, AGARICUS, PROCESSING - PRICE RECEIVED, MEASURED IN $ / LB",TOTAL,NOT SPECIFIED,0.622,
SURVEY,2015,MARKETING YEAR,,NATIONAL,US TOTAL,,,,,,,,0,,MUSHROOMS,"MUSHROOMS - PRICE RECEIVED, MEASURED IN $ / LB",TOTAL,NOT SPECIFIED,1.28,
SURVEY,2015,MARKETING YEAR,,NATIONAL,US TOTAL,,,,,,,,0,,MUSHROOMS,"MUSHROOMS, AGARICUS - PRICE RECEIVED, MEASURED IN $ / LB",TOTAL,NOT SPECIFIED,1.23,
SURVEY,2015,MARKETING YEAR,,NATIONAL,US TOTAL,,,,,,,,0,,MUSHROOMS,"MUSHROOMS, AGARICUS, FRESH MARKET - PRICE RECEIVED, MEASURED IN $ / LB",TOTAL,NOT SPECIFIED,1.29,
SURVEY,2015,MARKETING YEAR,,NATIONAL,US TOTAL,,,,,,,,0,,MUSHROOMS,"MUSHROOMS, AGARICUS, PROCESSING - PRICE RECEIVED, MEASURED IN $ / LB",TOTAL,NOT SPECIFIED,0.707,
SURVEY,2015,MARKETING YEAR,,NATIONAL,US TOTAL,,,,,,,,0,,MUSHROOMS,"MUSHROOMS, SPECIALTY - PRICE RECEIVED, MEASURED IN $ / LB",TOTAL,NOT SPECIFIED,3.54,
SURVEY,2015,MARKETING YEAR,,NATIONAL,US TOTAL,,,,,,,,0,,MUSHROOMS,"MUSHROOMS, SPECIALTY, OTHER - PRICE RECEIVED, MEASURED IN $ / LB",TOTAL,NOT SPECIFIED,4.98,
SURVEY,2015,MARKETING YEAR,,NATIONAL,US TOTAL,,,,,,,,0,,MUSHROOMS,"MUSHROOMS, SPECIALTY, OYSTER - PRICE RECEIVED, MEASURED IN $ / LB",TOTAL,NOT SPECIFIED,3.19,
SURVEY,2015,MARKETING YEAR,,NATIONAL,US TOTAL,,,,,,,,0,,MUSHROOMS,"MUSHROOMS, SPECIALTY, SHIITAKE - PRICE RECEIVED, MEASURED IN $ / LB",TOTAL,NOT SPECIFIED,3.26,
SURVEY,2015,MARKETING YEAR,,REGION : MULTI-STATE,,,,,,,,CENTRAL STATES,0,,MUSHROOMS,"MUSHROOMS, AGARICUS - PRICE RECEIVED, MEASURED IN $ / LB",TOTAL,NOT SPECIFIED,1.72,
SURVEY,2015,MARKETING YEAR,,REGION : MULTI-STATE,,,,,,,,CENTRAL STATES,0,,MUSHROOMS,"MUSHROOMS, AGARICUS, FRESH MARKET - PRICE RECEIVED, MEASURED IN $ / LB",TOTAL,NOT SPECIFIED,1.84,
SURVEY,2015,MARKETING YEAR,,REGION : MULTI-STATE,,,,,,,,CENTRAL STATES,0,,MUSHROOMS,"MUSHROOMS, AGARICUS, PROCESSING - PRICE RECEIVED, MEASURED IN $ / LB",TOTAL,NOT SPECIFIED,1,
SURVEY,2015,MARKETING YEAR,,REGION : MULTI-STATE,,,,,,,,EASTERN STATES,0,,MUSHROOMS,"MUSHROOMS, AGARICUS - PRICE RECEIVED, MEASURED IN $ / LB",TOTAL,NOT SPECIFIED,1.04,
SURVEY,2015,MARKETING YEAR,,REGION : MULTI-STATE,,,,,,,,EASTERN STATES,0,,MUSHROOMS,"MUSHROOMS, AGARICUS, FRESH MARKET - PRICE RECEIVED, MEASURED IN $ / LB",TOTAL,NOT SPECIFIED,1.09,
SURVEY,2015,MARKETING YEAR,,REGION : MULTI-STATE,,,,,,,,EASTERN STATES,0,,MUSHROOMS,"MUSHROOMS, AGARICUS, PROCESSING - PRICE RECEIVED, MEASURED IN $ / LB",TOTAL,NOT SPECIFIED,0.641,
SURVEY,2015,MARKETING YEAR,,REGION : MULTI-STATE,,,,,,,,"EASTERN STATES, OTHER",0,,MUSHROOMS,"MUSHROOMS, AGARICUS, FRESH MARKET - PRICE RECEIVED, MEASURED IN $ / LB",TOTAL,NOT SPECIFIED,1.86,
SURVEY,2015,MARKETING YEAR,,REGION : MULTI-STATE,,,,,,,,"EASTERN STATES, OTHER",0,,MUSHROOMS,"MUSHROOMS, AGARICUS, PROCESSING - PRICE RECEIVED, MEASURED IN $ / LB",TOTAL,NOT SPECIFIED,0.607,
SURVEY,2015,MARKETING YEAR,,REGION : MULTI-STATE,,,,,,,,WESTERN STATES,0,,MUSHROOMS,"MUSHROOMS, AGARICUS - PRICE RECEIVED, MEASURED IN $ / LB",TOTAL,NOT SPECIFIED,1.86,
SURVEY,2015,MARKETING YEAR,,REGION : MULTI-STATE,,,,,,,,WESTERN STATES,0,,MUSHROOMS,"MUSHROOMS, AGARICUS, FRESH MARKET - PRICE RECEIVED, MEASURED IN $ / LB",TOTAL,NOT SPECIFIED,1.87,
SURVEY,2015,MARKETING YEAR,,REGION : MULTI-STATE,,,,,,,,WESTERN STATES,0,,MUSHROOMS,"MUSHROOMS, AGARICUS, PROCESSING - PRICE RECEIVED, MEASURED IN $ / LB",TOTAL,NOT SPECIFIED,0.853,
SURVEY,2015,MARKETING YEAR,,REGION : MULTI-STATE,,,,,,,,"WESTERN STATES, OTHER",0,,MUSHROOMS,"MUSHROOMS, AGARICUS - PRICE RECEIVED, MEASURED IN $ / LB",TOTAL,NOT SPECIFIED,1.53,
SURVEY,2015,MARKETING YEAR,,REGION : MULTI-STATE,,,,,,,,"WESTERN STATES, OTHER",0,,MUSHROOMS,"MUSHROOMS, AGARICUS, FRESH MARKET - PRICE RECEIVED, MEASURED IN $ / LB",TOTAL,NOT SPECIFIED,1.87,
SURVEY,2015,MARKETING YEAR,,REGION : MULTI-STATE,,,,,,,,"WESTERN STATES, OTHER",0,,MUSHROOMS,"MUSHROOMS, AGARICUS, PROCESSING - PRICE RECEIVED, MEASURED IN $ / LB",TOTAL,NOT SPECIFIED,0.853,
SURVEY,2015,MARKETING YEAR,,STATE,CALIFORNIA,6,,,,,,,0,,MUSHROOMS,"MUSHROOMS, AGARICUS - PRICE RECEIVED, MEASURED IN $ / LB",TOTAL,NOT SPECIFIED,1.93,
SURVEY,2015,MARKETING YEAR,,STATE,OTHER STATES,,,,,,,,0,,MUSHROOMS,"MUSHROOMS, AGARICUS - PRICE RECEIVED, MEASURED IN $ / LB",TOTAL,NOT SPECIFIED,1.65,
SURVEY,2015,MARKETING YEAR,,STATE,PENNSYLVANIA,42,,,,,,,0,,MUSHROOMS,"MUSHROOMS, AGARICUS - PRICE RECEIVED, MEASURED IN $ / LB",TOTAL,NOT SPECIFIED,0.949,
SURVEY,2015,MARKETING YEAR,,STATE,PENNSYLVANIA,42,,,,,,,0,,MUSHROOMS,"MUSHROOMS, AGARICUS, FRESH MARKET - PRICE RECEIVED, MEASURED IN $ / LB",TOTAL,NOT SPECIFIED,0.98,
SURVEY,2015,MARKETING YEAR,,STATE,PENNSYLVANIA,42,,,,,,,0,,MUSHROOMS,"MUSHROOMS, AGARICUS, PROCESSING - PRICE RECEIVED, MEASURED IN $ / LB",TOTAL,NOT SPECIFIED,0.652,
SURVEY,2014,MARKETING YEAR,,NATIONAL,US TOTAL,,,,,,,,0,,MUSHROOMS,"MUSHROOMS - PRICE RECEIVED, MEASURED IN $ / LB",TOTAL,NOT SPECIFIED,1.24,
SURVEY,2014,MARKETING YEAR,,NATIONAL,US TOTAL,,,,,,,,0,,MUSHROOMS,"MUSHROOMS, AGARICUS - PRICE RECEIVED, MEASURED IN $ / LB",TOTAL,NOT SPECIFIED,1.19,
SURVEY,2014,MARKETING YEAR,,NATIONAL,US TOTAL,,,,,,,,0,,MUSHROOMS,"MUSHROOMS, AGARICUS, FRESH MARKET - PRICE RECEIVED, MEASURED IN $ / LB",TOTAL,NOT SPECIFIED,1.26,
SURVEY,2014,MARKETING YEAR,,NATIONAL,US TOTAL,,,,,,,,0,,MUSHROOMS,"MUSHROOMS, AGARICUS, PROCESSING - PRICE RECEIVED, MEASURED IN $ / LB",TOTAL,NOT SPECIFIED,0.694,
SURVEY,2014,MARKETING YEAR,,NATIONAL,US TOTAL,,,,,,,,0,,MUSHROOMS,"MUSHROOMS, SPECIALTY - PRICE RECEIVED, MEASURED IN $ / LB",TOTAL,NOT SPECIFIED,3.7,
SURVEY,2014,MARKETING YEAR,,NATIONAL,US TOTAL,,,,,,,,0,,MUSHROOMS,"MUSHROOMS, SPECIALTY, OTHER - PRICE RECEIVED, MEASURED IN $ / LB",TOTAL,NOT SPECIFIED,6.16,
SURVEY,2014,MARKETING YEAR,,NATIONAL,US TOTAL,,,,,,,,0,,MUSHROOMS,"MUSHROOMS, SPECIALTY, OYSTER - PRICE RECEIVED, MEASURED IN $ / LB",TOTAL,NOT SPECIFIED,3.74,
SURVEY,2014,MARKETING YEAR,,NATIONAL,US TOTAL,,,,,,,,0,,MUSHROOMS,"MUSHROOMS, SPECIALTY, SHIITAKE - PRICE RECEIVED, MEASURED IN $ / LB",TOTAL,NOT SPECIFIED,3.21,
SURVEY,2014,MARKETING YEAR,,REGION : MULTI-STATE,,,,,,,,CENTRAL STATES,0,,MUSHROOMS,"MUSHROOMS, AGARICUS - PRICE RECEIVED, MEASURED IN $ / LB",TOTAL,NOT SPECIFIED,1.75,
SURVEY,2014,MARKETING YEAR,,REGION : MULTI-STATE,,,,,,,,CENTRAL STATES,0,,MUSHROOMS,"MUSHROOMS, AGARICUS, FRESH MARKET - PRICE RECEIVED, MEASURED IN $ / LB",TOTAL,NOT SPECIFIED,1.87,
SURVEY,2014,MARKETING YEAR,,REGION : MULTI-STATE,,,,,,,,CENTRAL STATES,0,,MUSHROOMS,"MUSHROOMS, AGARICUS, PROCESSING - PRICE RECEIVED, MEASURED IN $ / LB",TOTAL,NOT SPECIFIED,1.12,
SURVEY,2014,MARKETING YEAR,,REGION : MULTI-STATE,,,,,,,,EASTERN STATES,0,,MUSHROOMS,"MUSHROOMS, AGARICUS - PRICE RECEIVED, MEASURED IN $ / LB",TOTAL,NOT SPECIFIED,0.996,
SURVEY,2014,MARKETING YEAR,,REGION : MULTI-STATE,,,,,,,,EASTERN STATES,0,,MUSHROOMS,"MUSHROOMS, AGARICUS, FRESH MARKET - PRICE RECEIVED, MEASURED IN $ / LB",TOTAL,NOT SPECIFIED,1.06,
SURVEY,2014,MARKETING YEAR,,REGION : MULTI-STATE,,,,,,,,EASTERN STATES,0,,MUSHROOMS,"MUSHROOMS, AGARICUS, PROCESSING - PRICE RECEIVED, MEASURED IN $ / LB",TOTAL,NOT SPECIFIED,0.624,
SURVEY,2014,MARKETING YEAR,,REGION : MULTI-STATE,,,,,,,,"EASTERN STATES, OTHER",0,,MUSHROOMS,"MUSHROOMS, AGARICUS, FRESH MARKET - PRICE RECEIVED, MEASURED IN $ / LB",TOTAL,NOT SPECIFIED,1.41,
SURVEY,2014,MARKETING YEAR,,REGION : MULTI-STATE,,,,,,,,"EASTERN STATES, OTHER",0,,MUSHROOMS,"MUSHROOMS, AGARICUS, PROCESSING - PRICE RECEIVED, MEASURED IN $ / LB",TOTAL,NOT SPECIFIED,0.524,
SURVEY,2014,MARKETING YEAR,,REGION : MULTI-STATE,,,,,,,,WESTERN STATES,0,,MUSHROOMS,"MUSHROOMS, AGARICUS - PRICE RECEIVED, MEASURED IN $ / LB",TOTAL,NOT SPECIFIED,1.81,
SURVEY,2014,MARKETING YEAR,,REGION : MULTI-STATE,,,,,,,,WESTERN STATES,0,,MUSHROOMS,"MUSHROOMS, AGARICUS, FRESH MARKET - PRICE RECEIVED, MEASURED IN $ / LB",TOTAL,NOT SPECIFIED,1.82,
SURVEY,2014,MARKETING YEAR,,REGION : MULTI-STATE,,,,,,,,WESTERN STATES,0,,MUSHROOMS,"MUSHROOMS, AGARICUS, PROCESSING - PRICE RECEIVED, MEASURED IN $ / LB",TOTAL,NOT SPECIFIED,0.783,
SURVEY,2014,MARKETING YEAR,,REGION : MULTI-STATE,,,,,,,,"WESTERN STATES, OTHER",0,,MUSHROOMS,"MUSHROOMS, AGARICUS - PRICE RECEIVED, MEASURED IN $ / LB",TOTAL,NOT SPECIFIED,1.54,
SURVEY,2014,MARKETING YEAR,,REGION : MULTI-STATE,,,,,,,,"WESTERN STATES, OTHER",0,,MUSHROOMS,"MUSHROOMS, AGARICUS, FRESH MARKET - PRICE RECEIVED, MEASURED IN $ / LB",TOTAL,NOT SPECIFIED,1.56,
SURVEY,2014,MARKETING YEAR,,REGION : MULTI-STATE,,,,,,,,"WESTERN STATES, OTHER",0,,MUSHROOMS,"MUSHROOMS, AGARICUS, PROCESSING - PRICE RECEIVED, MEASURED IN $ / LB",TOTAL,NOT SPECIFIED,0.596,
SURVEY,2014,MARKETING YEAR,,STATE,CALIFORNIA,6,,,,,,,0,,MUSHROOMS,"MUSHROOMS, AGARICUS - PRICE RECEIVED, MEASURED IN $ / LB",TOTAL,NOT SPECIFIED,1.87,
SURVEY,2014,MARKETING YEAR,,STATE,CALIFORNIA,6,,,,,,,0,,MUSHROOMS,"MUSHROOMS, AGARICUS, FRESH MARKET - PRICE RECEIVED, MEASURED IN $ / LB",TOTAL,NOT SPECIFIED,1.88,
SURVEY,2014,MARKETING YEAR,,STATE,CALIFORNIA,6,,,,,,,0,,MUSHROOMS,"MUSHROOMS, AGARICUS, PROCESSING - PRICE RECEIVED, MEASURED IN $ / LB",TOTAL,NOT SPECIFIED,0.85,
SURVEY,2014,MARKETING YEAR,,STATE,OTHER STATES,,,,,,,,0,,MUSHROOMS,"MUSHROOMS, AGARICUS - PRICE RECEIVED, MEASURED IN $ / LB",TOTAL,NOT SPECIFIED,1.54,
SURVEY,2014,MARKETING YEAR,,STATE,PENNSYLVANIA,42,,,,,,,0,,MUSHROOMS,"MUSHROOMS, AGARICUS - PRICE RECEIVED, MEASURED IN $ / LB",TOTAL,NOT SPECIFIED,0.944,
SURVEY,2014,MARKETING YEAR,,STATE,PENNSYLVANIA,42,,,,,,,0,,MUSHROOMS,"MUSHROOMS, AGARICUS, FRESH MARKET - PRICE RECEIVED, MEASURED IN $ / LB",TOTAL,NOT SPECIFIED,0.999,
SURVEY,2014,MARKETING YEAR,,STATE,PENNSYLVANIA,42,,,,,,,0,,MUSHROOMS,"MUSHROOMS, AGARICUS, PROCESSING - PRICE RECEIVED, MEASURED IN $ / LB",TOTAL,NOT SPECIFIED,0.635,
SURVEY,2013,MARKETING YEAR,,NATIONAL,US TOTAL,,,,,,,,0,,MUSHROOMS,"MUSHROOMS - PRICE RECEIVED, MEASURED IN $ / LB",TOTAL,NOT SPECIFIED,1.24,
SURVEY,2013,MARKETING YEAR,,NATIONAL,US TOTAL,,,,,,,,0,,MUSHROOMS,"MUSHROOMS, AGARICUS - PRICE RECEIVED, MEASURED IN $ / LB",TOTAL,NOT SPECIFIED,1.19,
SURVEY,2013,MARKETING YEAR,,NATIONAL,US TOTAL,,,,,,,,0,,MUSHROOMS,"MUSHROOMS, AGARICUS, FRESH MARKET - PRICE RECEIVED, MEASURED IN $ / LB",TOTAL,NOT SPECIFIED,1.28,
SURVEY,2013,MARKETING YEAR,,NATIONAL,US TOTAL,,,,,,,,0,,MUSHROOMS,"MUSHROOMS, AGARICUS, PROCESSING - PRICE RECEIVED, MEASURED IN $ / LB",TOTAL,NOT SPECIFIED,0.626,
SURVEY,2013,MARKETING YEAR,,NATIONAL,US TOTAL,,,,,,,,0,,MUSHROOMS,"MUSHROOMS, SPECIALTY - PRICE RECEIVED, MEASURED IN $ / LB",TOTAL,NOT SPECIFIED,3.51,
SURVEY,2013,MARKETING YEAR,,NATIONAL,US TOTAL,,,,,,,,0,,MUSHROOMS,"MUSHROOMS, SPECIALTY, OTHER - PRICE RECEIVED, MEASURED IN $ / LB",TOTAL,NOT SPECIFIED,4.99,
SURVEY,2013,MARKETING YEAR,,NATIONAL,US TOTAL,,,,,,,,0,,MUSHROOMS,"MUSHROOMS, SPECIALTY, OYSTER - PRICE RECEIVED, MEASURED IN $ / LB",TOTAL,NOT SPECIFIED,3.02,
SURVEY,2013,MARKETING YEAR,,NATIONAL,US TOTAL,,,,,,,,0,,MUSHROOMS,"MUSHROOMS, SPECIALTY, SHIITAKE - PRICE RECEIVED, MEASURED IN $ / LB",TOTAL,NOT SPECIFIED,3.32,
SURVEY,2013,MARKETING YEAR,,REGION : MULTI-STATE,,,,,,,,CENTRAL STATES,0,,MUSHROOMS,"MUSHROOMS, AGARICUS - PRICE RECEIVED, MEASURED IN $ / LB",TOTAL,NOT SPECIFIED,1.77,
SURVEY,2013,MARKETING YEAR,,REGION : MULTI-STATE,,,,,,,,CENTRAL STATES,0,,MUSHROOMS,"MUSHROOMS, AGARICUS, FRESH MARKET - PRICE RECEIVED, MEASURED IN $ / LB",TOTAL,NOT SPECIFIED,1.82,
SURVEY,2013,MARKETING YEAR,,REGION : MULTI-STATE,,,,,,,,CENTRAL STATES,0,,MUSHROOMS,"MUSHROOMS, AGARICUS, PROCESSING - PRICE RECEIVED, MEASURED IN $ / LB",TOTAL,NOT SPECIFIED,0.958,
SURVEY,2013,MARKETING YEAR,,REGION : MULTI-STATE,,,,,,,,EASTERN STATES,0,,MUSHROOMS,"MUSHROOMS, AGARICUS - PRICE RECEIVED, MEASURED IN $ / LB",TOTAL,NOT SPECIFIED,0.993,
SURVEY,2013,MARKETING YEAR,,REGION : MULTI-STATE,,,,,,,,EASTERN STATES,0,,MUSHROOMS,"MUSHROOMS, AGARICUS, FRESH MARKET - PRICE RECEIVED, MEASURED IN $ / LB",TOTAL,NOT SPECIFIED,1.07,
SURVEY,2013,MARKETING YEAR,,REGION : MULTI-STATE,,,,,,,,EASTERN STATES,0,,MUSHROOMS,"MUSHROOMS, AGARICUS, PROCESSING - PRICE RECEIVED, MEASURED IN $ / LB",TOTAL,NOT SPECIFIED,0.606,
SURVEY,2013,MARKETING YEAR,,REGION : MULTI-STATE,,,,,,,,WESTERN STATES,0,,MUSHROOMS,"MUSHROOMS, AGARICUS - PRICE RECEIVED, MEASURED IN $ / LB",TOTAL,NOT SPECIFIED,1.72,
SURVEY,2013,MARKETING YEAR,,REGION : MULTI-STATE,,,,,,,,WESTERN STATES,0,,MUSHROOMS,"MUSHROOMS, AGARICUS, FRESH MARKET - PRICE RECEIVED, MEASURED IN $ / LB",TOTAL,NOT SPECIFIED,1.73,
SURVEY,2013,MARKETING YEAR,,REGION : MULTI-STATE,,,,,,,,WESTERN STATES,0,,MUSHROOMS,"MUSHROOMS, AGARICUS, PROCESSING - PRICE RECEIVED, MEASURED IN $ / LB",TOTAL,NOT SPECIFIED,0.728,
SURVEY,2013,MARKETING YEAR,,STATE,CALIFORNIA,6,,,,,,,0,,MUSHROOMS,"MUSHROOMS, AGARICUS - PRICE RECEIVED, MEASURED IN $ / LB",TOTAL,NOT SPECIFIED,1.75,
SURVEY,2013,MARKETING YEAR,,STATE,CALIFORNIA,6,,,,,,,0,,MUSHROOMS,"MUSHROOMS, AGARICUS, FRESH MARKET - PRICE RECEIVED, MEASURED IN $ / LB",TOTAL,NOT SPECIFIED,1.763,
SURVEY,2013,MARKETING YEAR,,STATE,CALIFORNIA,6,,,,,,,0,,MUSHROOMS,"MUSHROOMS, AGARICUS, PROCESSING - PRICE RECEIVED, MEASURED IN $ / LB",TOTAL,NOT SPECIFIED,0.721,
SURVEY,2013,MARKETING YEAR,,STATE,OTHER STATES,,,,,,,,0,,MUSHROOMS,"MUSHROOMS, AGARICUS - PRICE RECEIVED, MEASURED IN $ / LB",TOTAL,NOT SPECIFIED,1.56,
SURVEY,2013,MARKETING YEAR,,STATE,PENNSYLVANIA,42,,,,,,,0,,MUSHROOMS,"MUSHROOMS, AGARICUS - PRICE RECEIVED, MEASURED IN $ / LB",TOTAL,NOT SPECIFIED,0.933,
SURVEY,2013,MARKETING YEAR,,STATE,PENNSYLVANIA,42,,,,,,,0,,MUSHROOMS,"MUSHROOMS, AGARICUS, FRESH MARKET - PRICE RECEIVED, MEASURED IN $ / LB",TOTAL,NOT SPECIFIED,1,
SURVEY,2013,MARKETING YEAR,,STATE,PENNSYLVANIA,42,,,,,,,0,,MUSHROOMS,"MUSHROOMS, AGARICUS, PROCESSING - PRICE RECEIVED, MEASURED IN $ / LB",TOTAL,NOT SPECIFIED,0.618,
SURVEY,2012,MARKETING YEAR,,NATIONAL,US TOTAL,,,,,,,,0,,MUSHROOMS,"MUSHROOMS - PRICE RECEIVED, MEASURED IN $ / LB",TOTAL,NOT SPECIFIED,1.22,
SURVEY,2012,MARKETING YEAR,,NATIONAL,US TOTAL,,,,,,,,0,,MUSHROOMS,"MUSHROOMS, AGARICUS - PRICE RECEIVED, MEASURED IN $ / LB",TOTAL,NOT SPECIFIED,1.18,
SURVEY,2012,MARKETING YEAR,,NATIONAL,US TOTAL,,,,,,,,0,,MUSHROOMS,"MUSHROOMS, AGARICUS, FRESH MARKET - PRICE RECEIVED, MEASURED IN $ / LB",TOTAL,NOT SPECIFIED,1.26,
SURVEY,2012,MARKETING YEAR,,NATIONAL,US TOTAL,,,,,,,,0,,MUSHROOMS,"MUSHROOMS, AGARICUS, PROCESSING - PRICE RECEIVED, MEASURED IN $ / LB",TOTAL,NOT SPECIFIED,0.628,
SURVEY,2012,MARKETING YEAR,,NATIONAL,US TOTAL,,,,,,,,0,,MUSHROOMS,"MUSHROOMS, SPECIALTY - PRICE RECEIVED, MEASURED IN $ / LB",TOTAL,NOT SPECIFIED,3.33,
SURVEY,2012,MARKETING YEAR,,NATIONAL,US TOTAL,,,,,,,,0,,MUSHROOMS,"MUSHROOMS, SPECIALTY, OTHER - PRICE RECEIVED, MEASURED IN $ / LB",TOTAL,NOT SPECIFIED,4.82,
SURVEY,2012,MARKETING YEAR,,NATIONAL,US TOTAL,,,,,,,,0,,MUSHROOMS,"MUSHROOMS, SPECIALTY, OYSTER - PRICE RECEIVED, MEASURED IN $ / LB",TOTAL,NOT SPECIFIED,2.56,
SURVEY,2012,MARKETING YEAR,,NATIONAL,US TOTAL,,,,,,,,0,,MUSHROOMS,"MUSHROOMS, SPECIALTY, SHIITAKE - PRICE RECEIVED, MEASURED IN $ / LB",TOTAL,NOT SPECIFIED,3.42,
SURVEY,2012,MARKETING YEAR,,REGION : MULTI-STATE,,,,,,,,CENTRAL STATES,0,,MUSHROOMS,"MUSHROOMS, AGARICUS - PRICE RECEIVED, MEASURED IN $ / LB",TOTAL,NOT SPECIFIED,1.73,
SURVEY,2012,MARKETING YEAR,,REGION : MULTI-STATE,,,,,,,,CENTRAL STATES,0,,MUSHROOMS,"MUSHROOMS, AGARICUS, FRESH MARKET - PRICE RECEIVED, MEASURED IN $ / LB",TOTAL,NOT SPECIFIED,1.8,
SURVEY,2012,MARKETING YEAR,,REGION : MULTI-STATE,,,,,,,,CENTRAL STATES,0,,MUSHROOMS,"MUSHROOMS, AGARICUS, PROCESSING - PRICE RECEIVED, MEASURED IN $ / LB",TOTAL,NOT SPECIFIED,1,
SURVEY,2012,MARKETING YEAR,,REGION : MULTI-STATE,,,,,,,,EASTERN STATES,0,,MUSHROOMS,"MUSHROOMS, AGARICUS - PRICE RECEIVED, MEASURED IN $ / LB",TOTAL,NOT SPECIFIED,0.995,
SURVEY,2012,MARKETING YEAR,,REGION : MULTI-STATE,,,,,,,,EASTERN STATES,0,,MUSHROOMS,"MUSHROOMS, AGARICUS, FRESH MARKET - PRICE RECEIVED, MEASURED IN $ / LB",TOTAL,NOT SPECIFIED,1.07,
SURVEY,2012,MARKETING YEAR,,REGION : MULTI-STATE,,,,,,,,EASTERN STATES,0,,MUSHROOMS,"MUSHROOMS, AGARICUS, PROCESSING - PRICE RECEIVED, MEASURED IN $ / LB",TOTAL,NOT SPECIFIED,0.599,
SURVEY,2012,MARKETING YEAR,,REGION : MULTI-STATE,,,,,,,,WESTERN STATES,0,,MUSHROOMS,"MUSHROOMS, AGARICUS - PRICE RECEIVED, MEASURED IN $ / LB",TOTAL,NOT SPECIFIED,1.65,
SURVEY,2012,MARKETING YEAR,,REGION : MULTI-STATE,,,,,,,,WESTERN STATES,0,,MUSHROOMS,"MUSHROOMS, AGARICUS, FRESH MARKET - PRICE RECEIVED, MEASURED IN $ / LB",TOTAL,NOT SPECIFIED,1.66,
SURVEY,2012,MARKETING YEAR,,REGION : MULTI-STATE,,,,,,,,WESTERN STATES,0,,MUSHROOMS,"MUSHROOMS, AGARICUS, PROCESSING - PRICE RECEIVED, MEASURED IN $ / LB",TOTAL,NOT SPECIFIED,0.754,
SURVEY,2012,MARKETING YEAR,,STATE,CALIFORNIA,6,,,,,,,0,,MUSHROOMS,"MUSHROOMS, AGARICUS - PRICE RECEIVED, MEASURED IN $ / LB",TOTAL,NOT SPECIFIED,1.71,
SURVEY,2012,MARKETING YEAR,,STATE,CALIFORNIA,6,,,,,,,0,,MUSHROOMS,"MUSHROOMS, AGARICUS, FRESH MARKET - PRICE RECEIVED, MEASURED IN $ / LB",TOTAL,NOT SPECIFIED,1.73,
SURVEY,2012,MARKETING YEAR,,STATE,CALIFORNIA,6,,,,,,,0,,MUSHROOMS,"MUSHROOMS, AGARICUS, PROCESSING - PRICE RECEIVED, MEASURED IN $ / LB",TOTAL,NOT SPECIFIED,0.774,
SURVEY,2012,MARKETING YEAR,,STATE,OTHER STATES,,,,,,,,0,,MUSHROOMS,"MUSHROOMS, AGARICUS - PRICE RECEIVED, MEASURED IN $ / LB",TOTAL,NOT SPECIFIED,1.57,
SURVEY,2012,MARKETING YEAR,,STATE,PENNSYLVANIA,42,,,,,,,0,,MUSHROOMS,"MUSHROOMS, AGARICUS - PRICE RECEIVED, MEASURED IN $ / LB",TOTAL,NOT SPECIFIED,0.907,
SURVEY,2012,MARKETING YEAR,,STATE,PENNSYLVANIA,42,,,,,,,0,,MUSHROOMS,"MUSHROOMS, AGARICUS, FRESH MARKET - PRICE RECEIVED, MEASURED IN $ / LB",TOTAL,NOT SPECIFIED,0.972,
SURVEY,2012,MARKETING YEAR,,STATE,PENNSYLVANIA,42,,,,,,,0,,MUSHROOMS,"MUSHROOMS, AGARICUS, PROCESSING - PRICE RECEIVED, MEASURED IN $ / LB",TOTAL,NOT SPECIFIED,0.588,
SURVEY,2012,MARKETING YEAR,,STATE,WASHINGTON,53,,,,,,,0,,MUSHROOMS,"MUSHROOMS, AGARICUS - PRICE RECEIVED, MEASURED IN $ / LB",TOTAL,NOT SPECIFIED,1.62,
SURVEY,2012,MARKETING YEAR,,STATE,WASHINGTON,53,,,,,,,0,,MUSHROOMS,"MUSHROOMS, AGARICUS, FRESH MARKET - PRICE RECEIVED, MEASURED IN $ / LB",TOTAL,NOT SPECIFIED,1.63,
SURVEY,2012,MARKETING YEAR,,STATE,WASHINGTON,53,,,,,,,0,,MUSHROOMS,"MUSHROOMS, AGARICUS, PROCESSING - PRICE RECEIVED, MEASURED IN $ / LB",TOTAL,NOT SPECIFIED,0.9,
SURVEY,2011,MARKETING YEAR,,NATIONAL,US TOTAL,,,,,,,,0,,MUSHROOMS,"MUSHROOMS - PRICE RECEIVED, MEASURED IN $ / LB",TOTAL,NOT SPECIFIED,1.18,
SURVEY,2011,MARKETING YEAR,,NATIONAL,US TOTAL,,,,,,,,0,,MUSHROOMS,"MUSHROOMS, AGARICUS - PRICE RECEIVED, MEASURED IN $ / LB",TOTAL,NOT SPECIFIED,1.14,
SURVEY,2011,MARKETING YEAR,,NATIONAL,US TOTAL,,,,,,,,0,,MUSHROOMS,"MUSHROOMS, AGARICUS, FRESH MARKET - PRICE RECEIVED, MEASURED IN $ / LB",TOTAL,NOT SPECIFIED,1.24,
SURVEY,2011,MARKETING YEAR,,NATIONAL,US TOTAL,,,,,,,,0,,MUSHROOMS,"MUSHROOMS, AGARICUS, PROCESSING - PRICE RECEIVED, MEASURED IN $ / LB",TOTAL,NOT SPECIFIED,0.599,
SURVEY,2011,MARKETING YEAR,,NATIONAL,US TOTAL,,,,,,,,0,,MUSHROOMS,"MUSHROOMS, SPECIALTY - PRICE RECEIVED, MEASURED IN $ / LB",TOTAL,NOT SPECIFIED,3.01,
SURVEY,2011,MARKETING YEAR,,NATIONAL,US TOTAL,,,,,,,,0,,MUSHROOMS,"MUSHROOMS, SPECIALTY, OTHER - PRICE RECEIVED, MEASURED IN $ / LB",TOTAL,NOT SPECIFIED,4.58,
SURVEY,2011,MARKETING YEAR,,NATIONAL,US TOTAL,,,,,,,,0,,MUSHROOMS,"MUSHROOMS, SPECIALTY, OYSTER - PRICE RECEIVED, MEASURED IN $ / LB",TOTAL,NOT SPECIFIED,2.37,
SURVEY,2011,MARKETING YEAR,,NATIONAL,US TOTAL,,,,,,,,0,,MUSHROOMS,"MUSHROOMS, SPECIALTY, SHIITAKE - PRICE RECEIVED, MEASURED IN $ / LB",TOTAL,NOT SPECIFIED,3.1,
SURVEY,2011,MARKETING YEAR,,REGION : MULTI-STATE,,,,,,,,CENTRAL STATES,0,,MUSHROOMS,"MUSHROOMS, AGARICUS - PRICE RECEIVED, MEASURED IN $ / LB",TOTAL,NOT SPECIFIED,1.72,
SURVEY,2011,MARKETING YEAR,,REGION : MULTI-STATE,,,,,,,,CENTRAL STATES,0,,MUSHROOMS,"MUSHROOMS, AGARICUS, FRESH MARKET - PRICE RECEIVED, MEASURED IN $ / LB",TOTAL,NOT SPECIFIED,1.82,
SURVEY,2011,MARKETING YEAR,,REGION : MULTI-STATE,,,,,,,,CENTRAL STATES,0,,MUSHROOMS,"MUSHROOMS, AGARICUS, PROCESSING - PRICE RECEIVED, MEASURED IN $ / LB",TOTAL,NOT SPECIFIED,0.944,
SURVEY,2011,MARKETING YEAR,,REGION : MULTI-STATE,,,,,,,,EASTERN STATES,0,,MUSHROOMS,"MUSHROOMS, AGARICUS - PRICE RECEIVED, MEASURED IN $ / LB",TOTAL,NOT SPECIFIED,0.941,
SURVEY,2011,MARKETING YEAR,,REGION : MULTI-STATE,,,,,,,,EASTERN STATES,0,,MUSHROOMS,"MUSHROOMS, AGARICUS, FRESH MARKET - PRICE RECEIVED, MEASURED IN $ / LB",TOTAL,NOT SPECIFIED,1.03,
SURVEY,2011,MARKETING YEAR,,REGION : MULTI-STATE,,,,,,,,EASTERN STATES,0,,MUSHROOMS,"MUSHROOMS, AGARICUS, PROCESSING - PRICE RECEIVED, MEASURED IN $ / LB",TOTAL,NOT SPECIFIED,0.56,
SURVEY,2011,MARKETING YEAR,,REGION : MULTI-STATE,,,,,,,,WESTERN STATES,0,,MUSHROOMS,"MUSHROOMS, AGARICUS - PRICE RECEIVED, MEASURED IN $ / LB",TOTAL,NOT SPECIFIED,1.63,
SURVEY,2011,MARKETING YEAR,,REGION : MULTI-STATE,,,,,,,,WESTERN STATES,0,,MUSHROOMS,"MUSHROOMS, AGARICUS, FRESH MARKET - PRICE RECEIVED, MEASURED IN $ / LB",TOTAL,NOT SPECIFIED,1.65,
SURVEY,2011,MARKETING YEAR,,REGION : MULTI-STATE,,,,,,,,WESTERN STATES,0,,MUSHROOMS,"MUSHROOMS, AGARICUS, PROCESSING - PRICE RECEIVED, MEASURED IN $ / LB",TOTAL,NOT SPECIFIED,0.838,
SURVEY,2011,MARKETING YEAR,,STATE,CALIFORNIA,6,,,,,,,0,,MUSHROOMS,"MUSHROOMS, AGARICUS - PRICE RECEIVED, MEASURED IN $ / LB",TOTAL,NOT SPECIFIED,1.66,
SURVEY,2011,MARKETING YEAR,,STATE,CALIFORNIA,6,,,,,,,0,,MUSHROOMS,"MUSHROOMS, AGARICUS, FRESH MARKET - PRICE RECEIVED, MEASURED IN $ / LB",TOTAL,NOT SPECIFIED,1.69,
SURVEY,2011,MARKETING YEAR,,STATE,CALIFORNIA,6,,,,,,,0,,MUSHROOMS,"MUSHROOMS, AGARICUS, PROCESSING - PRICE RECEIVED, MEASURED IN $ / LB",TOTAL,NOT SPECIFIED,0.866,
SURVEY,2011,MARKETING YEAR,,STATE,OTHER STATES,,,,,,,,0,,MUSHROOMS,"MUSHROOMS, AGARICUS - PRICE RECEIVED, MEASURED IN $ / LB",TOTAL,NOT SPECIFIED,1.57,
SURVEY,2011,MARKETING YEAR,,STATE,PENNSYLVANIA,42,,,,,,,0,,MUSHROOMS,"MUSHROOMS, AGARICUS - PRICE RECEIVED, MEASURED IN $ / LB",TOTAL,NOT SPECIFIED,0.885,
SURVEY,2011,MARKETING YEAR,,STATE,PENNSYLVANIA,42,,,,,,,0,,MUSHROOMS,"MUSHROOMS, AGARICUS, FRESH MARKET - PRICE RECEIVED, MEASURED IN $ / LB",TOTAL,NOT SPECIFIED,0.964,
SURVEY,2011,MARKETING YEAR,,STATE,PENNSYLVANIA,42,,,,,,,0,,MUSHROOMS,"MUSHROOMS, AGARICUS, PROCESSING - PRICE RECEIVED, MEASURED IN $ / LB",TOTAL,NOT SPECIFIED,0.557,
SURVEY,2011,MARKETING YEAR,,STATE,WASHINGTON,53,,,,,,,0,,MUSHROOMS,"MUSHROOMS, AGARICUS - PRICE RECEIVED, MEASURED IN $ / LB",TOTAL,NOT SPECIFIED,1.65,
SURVEY,2011,MARKETING YEAR,,STATE,WASHINGTON,53,,,,,,,0,,MUSHROOMS,"MUSHROOMS, AGARICUS, FRESH MARKET - PRICE RECEIVED, MEASURED IN $ / LB",TOTAL,NOT SPECIFIED,1.68,
SURVEY,2011,MARKETING YEAR,,STATE,WASHINGTON,53,,,,,,,0,,MUSHROOMS,"MUSHROOMS, AGARICUS, PROCESSING - PRICE RECEIVED, MEASURED IN $ / LB",TOTAL,NOT SPECIFIED,0.74,
SURVEY,2010,MARKETING YEAR,,NATIONAL,US TOTAL,,,,,,,,0,,MUSHROOMS,"MUSHROOMS - PRICE RECEIVED, MEASURED IN $ / LB",TOTAL,NOT SPECIFIED,1.17,
SURVEY,2010,MARKETING YEAR,,NATIONAL,US TOTAL,,,,,,,,0,,MUSHROOMS,"MUSHROOMS, AGARICUS - PRICE RECEIVED, MEASURED IN $ / LB",TOTAL,NOT SPECIFIED,1.14,
SURVEY,2010,MARKETING YEAR,,NATIONAL,US TOTAL,,,,,,,,0,,MUSHROOMS,"MUSHROOMS, AGARICUS, FRESH MARKET - PRICE RECEIVED, MEASURED IN $ / LB",TOTAL,NOT SPECIFIED,1.23,
SURVEY,2010,MARKETING YEAR,,NATIONAL,US TOTAL,,,,,,,,0,,MUSHROOMS,"MUSHROOMS, AGARICUS, PROCESSING - PRICE RECEIVED, MEASURED IN $ / LB",TOTAL,NOT SPECIFIED,0.587,
SURVEY,2010,MARKETING YEAR,,NATIONAL,US TOTAL,,,,,,,,0,,MUSHROOMS,"MUSHROOMS, SPECIALTY - PRICE RECEIVED, MEASURED IN $ / LB",TOTAL,NOT SPECIFIED,2.56,
SURVEY,2010,MARKETING YEAR,,NATIONAL,US TOTAL,,,,,,,,0,,MUSHROOMS,"MUSHROOMS, SPECIALTY, OTHER - PRICE RECEIVED, MEASURED IN $ / LB",TOTAL,NOT SPECIFIED,2.18,
SURVEY,2010,MARKETING YEAR,,NATIONAL,US TOTAL,,,,,,,,0,,MUSHROOMS,"MUSHROOMS, SPECIALTY, OYSTER - PRICE RECEIVED, MEASURED IN $ / LB",TOTAL,NOT SPECIFIED,2.56,
SURVEY,2010,MARKETING YEAR,,NATIONAL,US TOTAL,,,,,,,,0,,MUSHROOMS,"MUSHROOMS, SPECIALTY, SHIITAKE - PRICE RECEIVED, MEASURED IN $ / LB",TOTAL,NOT SPECIFIED,2.75,
SURVEY,2010,MARKETING YEAR,,REGION : MULTI-STATE,,,,,,,,CENTRAL STATES,0,,MUSHROOMS,"MUSHROOMS, AGARICUS - PRICE RECEIVED, MEASURED IN $ / LB",TOTAL,NOT SPECIFIED,1.73,
SURVEY,2010,MARKETING YEAR,,REGION : MULTI-STATE,,,,,,,,CENTRAL STATES,0,,MUSHROOMS,"MUSHROOMS, AGARICUS, FRESH MARKET - PRICE RECEIVED, MEASURED IN $ / LB",TOTAL,NOT SPECIFIED,1.81,
SURVEY,2010,MARKETING YEAR,,REGION : MULTI-STATE,,,,,,,,CENTRAL STATES,0,,MUSHROOMS,"MUSHROOMS, AGARICUS, PROCESSING - PRICE RECEIVED, MEASURED IN $ / LB",TOTAL,NOT SPECIFIED,0.967,
SURVEY,2010,MARKETING YEAR,,REGION : MULTI-STATE,,,,,,,,EASTERN STATES,0,,MUSHROOMS,"MUSHROOMS, AGARICUS - PRICE RECEIVED, MEASURED IN $ / LB",TOTAL,NOT SPECIFIED,0.931,
SURVEY,2010,MARKETING YEAR,,REGION : MULTI-STATE,,,,,,,,EASTERN STATES,0,,MUSHROOMS,"MUSHROOMS, AGARICUS, FRESH MARKET - PRICE RECEIVED, MEASURED IN $ / LB",TOTAL,NOT SPECIFIED,1.01,
SURVEY,2010,MARKETING YEAR,,REGION : MULTI-STATE,,,,,,,,EASTERN STATES,0,,MUSHROOMS,"MUSHROOMS, AGARICUS, PROCESSING - PRICE RECEIVED, MEASURED IN $ / LB",TOTAL,NOT SPECIFIED,0.551,
SURVEY,2010,MARKETING YEAR,,REGION : MULTI-STATE,,,,,,,,WESTERN STATES,0,,MUSHROOMS,"MUSHROOMS, AGARICUS - PRICE RECEIVED, MEASURED IN $ / LB",TOTAL,NOT SPECIFIED,1.61,
SURVEY,2010,MARKETING YEAR,,REGION : MULTI-STATE,,,,,,,,WESTERN STATES,0,,MUSHROOMS,"MUSHROOMS, AGARICUS, FRESH MARKET - PRICE RECEIVED, MEASURED IN $ / LB",TOTAL,NOT SPECIFIED,1.62,
SURVEY,2010,MARKETING YEAR,,REGION : MULTI-STATE,,,,,,,,WESTERN STATES,0,,MUSHROOMS,"MUSHROOMS, AGARICUS, PROCESSING - PRICE RECEIVED, MEASURED IN $ / LB",TOTAL,NOT SPECIFIED,0.837,
SURVEY,2010,MARKETING YEAR,,STATE,CALIFORNIA,6,,,,,,,0,,MUSHROOMS,"MUSHROOMS, AGARICUS - PRICE RECEIVED, MEASURED IN $ / LB",TOTAL,NOT SPECIFIED,1.64,
SURVEY,2010,MARKETING YEAR,,STATE,CALIFORNIA,6,,,,,,,0,,MUSHROOMS,"MUSHROOMS, AGARICUS, FRESH MARKET - PRICE RECEIVED, MEASURED IN $ / LB",TOTAL,NOT SPECIFIED,1.65,
SURVEY,2010,MARKETING YEAR,,STATE,CALIFORNIA,6,,,,,,,0,,MUSHROOMS,"MUSHROOMS, AGARICUS, PROCESSING - PRICE RECEIVED, MEASURED IN $ / LB",TOTAL,NOT SPECIFIED,0.828,
SURVEY,2010,MARKETING YEAR,,STATE,OTHER STATES,,,,,,,,0,,MUSHROOMS,"MUSHROOMS, AGARICUS - PRICE RECEIVED, MEASURED IN $ / LB",TOTAL,NOT SPECIFIED,1.59,
SURVEY,2010,MARKETING YEAR,,STATE,PENNSYLVANIA,42,,,,,,,0,,MUSHROOMS,"MUSHROOMS, AGARICUS - PRICE RECEIVED, MEASURED IN $ / LB",TOTAL,NOT SPECIFIED,0.876,
SURVEY,2010,MARKETING YEAR,,STATE,PENNSYLVANIA,42,,,,,,,0,,MUSHROOMS,"MUSHROOMS, AGARICUS, FRESH MARKET - PRICE RECEIVED, MEASURED IN $ / LB",TOTAL,NOT SPECIFIED,0.95,
SURVEY,2010,MARKETING YEAR,,STATE,PENNSYLVANIA,42,,,,,,,0,,MUSHROOMS,"MUSHROOMS, AGARICUS, PROCESSING - PRICE RECEIVED, MEASURED IN $ / LB",TOTAL,NOT SPECIFIED,0.548,
SURVEY,2010,MARKETING YEAR,,STATE,WASHINGTON,53,,,,,,,0,,MUSHROOMS,"MUSHROOMS, AGARICUS - PRICE RECEIVED, MEASURED IN $ / LB",TOTAL,NOT SPECIFIED,1.69,
SURVEY,2010,MARKETING YEAR,,STATE,WASHINGTON,53,,,,,,,0,,MUSHROOMS,"MUSHROOMS, AGARICUS, FRESH MARKET - PRICE RECEIVED, MEASURED IN $ / LB",TOTAL,NOT SPECIFIED,1.72,
SURVEY,2010,MARKETING YEAR,,STATE,WASHINGTON,53,,,,,,,0,,MUSHROOMS,"MUSHROOMS, AGARICUS, PROCESSING - PRICE RECEIVED, MEASURED IN $ / LB",TOTAL,NOT SPECIFIED,0.64,
SURVEY,2009,MARKETING YEAR,,NATIONAL,US TOTAL,,,,,,,,0,,MUSHROOMS,"MUSHROOMS, AGARICUS - PRICE RECEIVED, MEASURED IN $ / LB",TOTAL,NOT SPECIFIED,1.13,
SURVEY,2009,MARKETING YEAR,,NATIONAL,US TOTAL,,,,,,,,0,,MUSHROOMS,"MUSHROOMS, AGARICUS, FRESH MARKET - PRICE RECEIVED, MEASURED IN $ / LB",TOTAL,NOT SPECIFIED,1.24,
SURVEY,2009,MARKETING YEAR,,NATIONAL,US TOTAL,,,,,,,,0,,MUSHROOMS,"MUSHROOMS, AGARICUS, PROCESSING - PRICE RECEIVED, MEASURED IN $ / LB",TOTAL,NOT SPECIFIED,0.564,
SURVEY,2008,MARKETING YEAR,,NATIONAL,US TOTAL,,,,,,,,0,,MUSHROOMS,"MUSHROOMS, AGARICUS - PRICE RECEIVED, MEASURED IN $ / LB",TOTAL,NOT SPECIFIED,1.15,
SURVEY,2008,MARKETING YEAR,,NATIONAL,US TOTAL,,,,,,,,0,,MUSHROOMS,"MUSHROOMS, AGARICUS, FRESH MARKET - PRICE RECEIVED, MEASURED IN $ / LB",TOTAL,NOT SPECIFIED,1.24,
SURVEY,2008,MARKETING YEAR,,NATIONAL,US TOTAL,,,,,,,,0,,MUSHROOMS,"MUSHROOMS, AGARICUS, PROCESSING - PRICE RECEIVED, MEASURED IN $ / LB",TOTAL,NOT SPECIFIED,0.645,
SURVEY,2007,MARKETING YEAR,,NATIONAL,US TOTAL,,,,,,,,0,,MUSHROOMS,"MUSHROOMS, AGARICUS - PRICE RECEIVED, MEASURED IN $ / LB",TOTAL,NOT SPECIFIED,1.12,
SURVEY,2007,MARKETING YEAR,,NATIONAL,US TOTAL,,,,,,,,0,,MUSHROOMS,"MUSHROOMS, AGARICUS, FRESH MARKET - PRICE RECEIVED, MEASURED IN $ / LB",TOTAL,NOT SPECIFIED,1.21,
SURVEY,2007,MARKETING YEAR,,NATIONAL,US TOTAL,,,,,,,,0,,MUSHROOMS,"MUSHROOMS, AGARICUS, PROCESSING - PRICE RECEIVED, MEASURED IN $ / LB",TOTAL,NOT SPECIFIED,0.64,
SURVEY,2006,MARKETING YEAR,,NATIONAL,US TOTAL,,,,,,,,0,,MUSHROOMS,"MUSHROOMS, AGARICUS - PRICE RECEIVED, MEASURED IN $ / LB",TOTAL,NOT SPECIFIED,1.02,
SURVEY,2006,MARKETING YEAR,,NATIONAL,US TOTAL,,,,,,,,0,,MUSHROOMS,"MUSHROOMS, AGARICUS, FRESH MARKET - PRICE RECEIVED, MEASURED IN $ / LB",TOTAL,NOT SPECIFIED,1.13,
SURVEY,2006,MARKETING YEAR,,NATIONAL,US TOTAL,,,,,,,,0,,MUSHROOMS,"MUSHROOMS, AGARICUS, PROCESSING - PRICE RECEIVED, MEASURED IN $ / LB",TOTAL,NOT SPECIFIED,0.428,
SURVEY,2005,MARKETING YEAR,,NATIONAL,US TOTAL,,,,,,,,0,,MUSHROOMS,"MUSHROOMS, AGARICUS - PRICE RECEIVED, MEASURED IN $ / LB",TOTAL,NOT SPECIFIED,1.03,
SURVEY,2005,MARKETING YEAR,,NATIONAL,US TOTAL,,,,,,,,0,,MUSHROOMS,"MUSHROOMS, AGARICUS, FRESH MARKET - PRICE RECEIVED, MEASURED IN $ / LB",TOTAL,NOT SPECIFIED,1.14,
SURVEY,2005,MARKETING YEAR,,NATIONAL,US TOTAL,,,,,,,,0,,MUSHROOMS,"MUSHROOMS, AGARICUS, PROCESSING - PRICE RECEIVED, MEASURED IN $ / LB",TOTAL,NOT SPECIFIED,0.463,
SURVEY,2004,MARKETING YEAR,,NATIONAL,US TOTAL,,,,,,,,0,,MUSHROOMS,"MUSHROOMS, AGARICUS - PRICE RECEIVED, MEASURED IN $ / LB",TOTAL,NOT SPECIFIED,1.04,
SURVEY,2004,MARKETING YEAR,,NATIONAL,US TOTAL,,,,,,,,0,,MUSHROOMS,"MUSHROOMS, AGARICUS, FRESH MARKET - PRICE RECEIVED, MEASURED IN $ / LB",TOTAL,NOT SPECIFIED,1.14,
SURVEY,2004,MARKETING YEAR,,NATIONAL,US TOTAL,,,,,,,,0,,MUSHROOMS,"MUSHROOMS, AGARICUS, PROCESSING - PRICE RECEIVED, MEASURED IN $ / LB",TOTAL,NOT SPECIFIED,0.532,
SURVEY,2003,MARKETING YEAR,,NATIONAL,US TOTAL,,,,,,,,0,,MUSHROOMS,"MUSHROOMS - PRICE RECEIVED, MEASURED IN $ / LB",TOTAL,NOT SPECIFIED,1.05,
SURVEY,2003,MARKETING YEAR,,NATIONAL,US TOTAL,,,,,,,,0,,MUSHROOMS,"MUSHROOMS, AGARICUS - PRICE RECEIVED, MEASURED IN $ / LB",TOTAL,NOT SPECIFIED,1.02,
SURVEY,2003,MARKETING YEAR,,NATIONAL,US TOTAL,,,,,,,,0,,MUSHROOMS,"MUSHROOMS, AGARICUS, FRESH MARKET - PRICE RECEIVED, MEASURED IN $ / LB",TOTAL,NOT SPECIFIED,1.12,
SURVEY,2003,MARKETING YEAR,,NATIONAL,US TOTAL,,,,,,,,0,,MUSHROOMS,"MUSHROOMS, AGARICUS, PROCESSING - PRICE RECEIVED, MEASURED IN $ / LB",TOTAL,NOT SPECIFIED,0.558,
SURVEY,2002,MARKETING YEAR,,NATIONAL,US TOTAL,,,,,,,,0,,MUSHROOMS,"MUSHROOMS - PRICE RECEIVED, MEASURED IN $ / LB",TOTAL,NOT SPECIFIED,1.07,
SURVEY,2001,MARKETING YEAR,,NATIONAL,US TOTAL,,,,,,,,0,,MUSHROOMS,"MUSHROOMS - PRICE RECEIVED, MEASURED IN $ / LB",TOTAL,NOT SPECIFIED,1.01,
SURVEY,2000,MARKETING YEAR,,NATIONAL,US TOTAL,,,,,,,,0,,MUSHROOMS,"MUSHROOMS - PRICE RECEIVED, MEASURED IN $ / LB",TOTAL,NOT SPECIFIED,1,
SURVEY,1999,MARKETING YEAR,,NATIONAL,US TOTAL,,,,,,,,0,,MUSHROOMS,"MUSHROOMS - PRICE RECEIVED, MEASURED IN $ / LB",TOTAL,NOT SPECIFIED,1.01,
SURVEY,1998,MARKETING YEAR,,NATIONAL,US TOTAL,,,,,,,,0,,MUSHROOMS,"MUSHROOMS - PRICE RECEIVED, MEASURED IN $ / LB",TOTAL,NOT SPECIFIED,0.981,
SURVEY,1997,MARKETING YEAR,,NATIONAL,US TOTAL,,,,,,,,0,,MUSHROOMS,"MUSHROOMS - PRICE RECEIVED, MEASURED IN $ / LB",TOTAL,NOT SPECIFIED,0.973,
